{"mean": [92.53642231443061, 4.272014753342554, 2054.270609497464], "scale": [100.00264028934252, 7.697110499963787, 8988.193732648111]}